﻿<?xml version="1.0" encoding="utf-8"?>
<TablePopulationObject xmlns:xsi="http://www.w3.org/2001/XMLSchema-instance" xmlns:xsd="http://www.w3.org/2001/XMLSchema">
  <ID>query_ALLERGIES</ID>
  <PopulationObjectName>query_ALLERGIES</PopulationObjectName>
  <TableName>ALLERGIES</TableName>
  <RootItemID>query_query_ALLERGIES</RootItemID>
  <LazyDataUpdate syncMethod="Inherited" performEvery="1.00:00:00">
    <TruncateBeforeSync>false</TruncateBeforeSync>
  </LazyDataUpdate>
  <SimpleObject>true</SimpleObject>
  <InputArguments>
    <Arg name="PATIENT_ID" id="queryCol_0" dataType="Text" index="0" />
    <Arg name="ALERGY_ID" id="queryCol_1" dataType="Text" index="1" />
    <Arg name="MEDICATION_ALLERGY" id="queryCol_2" dataType="Text" index="2" />
    <Arg name="DISCOVERED_DATE" id="queryCol_3" dataType="Text" index="3" />
  </InputArguments>
  <ItemsList>
    <Item xsi:type="DBQueryDataSave" id="query_query_ALLERGIES" name="query_ALLERGIES" nodeOrder="0" module="DBQuery" mapObjectModule="DBQuery" connName="HIS_DB">
      <OutputsList>
        <Output xsi:type="DBQueryDataSaveColumn" id="queryCol_0" name="PATIENT_ID" dataType="Text" index="0" />
        <Output xsi:type="DBQueryDataSaveColumn" id="queryCol_1" name="ALERGY_ID" dataType="Text" index="1" />
        <Output xsi:type="DBQueryDataSaveColumn" id="queryCol_2" name="MEDICATION_ALLERGY" dataType="Text" index="2" />
        <Output xsi:type="DBQueryDataSaveColumn" id="queryCol_3" name="DISCOVERED_DATE" dataType="Text" index="3" />
      </OutputsList>
      <SQL><![CDATA[SELECT * FROM ALLERGIES]]></SQL>
    </Item>
  </ItemsList>
  <LinksList>
    <Link partId="12" fromNodeOrder="0" fromItemID="query_query_ALLERGIES" fromColID="queryCol_0" toItemID="tbl_ALLERGIES" toColID="tblCol_e612daeabe3b4dfda52f2e6b779639af" />
    <Link partId="13" fromNodeOrder="0" fromItemID="query_query_ALLERGIES" fromColID="queryCol_1" toItemID="tbl_ALLERGIES" toColID="tblCol_1100ca62ccd640a788717a3059170551" />
    <Link partId="14" fromNodeOrder="0" fromItemID="query_query_ALLERGIES" fromColID="queryCol_2" toItemID="tbl_ALLERGIES" toColID="tblCol_426101e6e6f544f5822917f676767c30" />
    <Link partId="15" fromNodeOrder="0" fromItemID="query_query_ALLERGIES" fromColID="queryCol_3" toItemID="tbl_ALLERGIES" toColID="tblCol_636963458ff9457898a764f5bbfc29ae" />
  </LinksList>
  <ModeKeyColumnIDs />
  <DiagramGraph>
    <Graph name="ALLERGIES.query_ALLERGIES.k2tablePop.xml" lastPartID="15">
      <TableNode partID="0" name="ALLERGIES" pos="383.000031 5.81771469" width="309.324158" />
      <DBQueryNode partID="7" name="HIS_DB" pos="10 0.854171753" size="253 108.291656" isRoot="true">
        <DBQuery>{"Name":"query_ALLERGIES","ID":"query_query_ALLERGIES","ConnName":"HIS_DB","SQL":"SELECT * FROM ALLERGIES","ColumnsList":[{"ID":"queryCol_0","Name":"PATIENT_ID","DataType":"Text","Index":0,"IsInputArgument":true},{"ID":"queryCol_1","Name":"ALERGY_ID","DataType":"Text","Index":1,"IsInputArgument":true},{"ID":"queryCol_2","Name":"MEDICATION_ALLERGY","DataType":"Text","Index":2,"IsInputArgument":true},{"ID":"queryCol_3","Name":"DISCOVERED_DATE","DataType":"Text","Index":3,"IsInputArgument":true}]}</DBQuery>
      </DBQueryNode>
      <Link partID="12" from="0" to="1" pointsArr="263 36.89063 273 36.89063 313 37 333 37 373.000031 36.85417 383.000031 36.85417" fromNodePartID="7" fromNodeColumnName="PATIENT_ID" toNodePartID="0" toNodeColumnName="PATIENT_ID" />
      <Link partID="13" from="2" to="3" pointsArr="263 48.9635429 273 48.9635429 313 49 333 49 373.000031 48.9270859 383.000031 48.9270859" fromNodePartID="7" fromNodeColumnName="ALERGY_ID" toNodePartID="0" toNodeColumnName="ALERGY_ID" />
      <Link partID="14" from="4" to="5" pointsArr="263 61.0364571 273 61.0364571 313 61 333 61 373.000031 61 383.000031 61" fromNodePartID="7" fromNodeColumnName="MEDICATION_ALLERGY" toNodePartID="0" toNodeColumnName="MEDICATION_ALLERGY" />
      <Link partID="15" from="6" to="7" pointsArr="263 73.109375 273 73.109375 313 73 333 73 373.000031 73.07292 383.000031 73.07292" fromNodePartID="7" fromNodeColumnName="DISCOVERED_DATE" toNodePartID="0" toNodeColumnName="DISCOVERED_DATE" />
    </Graph>
  </DiagramGraph>
</TablePopulationObject>