﻿<?xml version="1.0" encoding="utf-8"?>
<TablePopulationObject xmlns:xsi="http://www.w3.org/2001/XMLSchema-instance" xmlns:xsd="http://www.w3.org/2001/XMLSchema">
  <ID>query_FAMILY_HISTORY</ID>
  <PopulationObjectName>query_FAMILY_HISTORY</PopulationObjectName>
  <TableName>FAMILY_HISTORY</TableName>
  <RootItemID>query_query_FAMILY_HISTORY</RootItemID>
  <LazyDataUpdate syncMethod="Inherited" performEvery="1.00:00:00">
    <TruncateBeforeSync>false</TruncateBeforeSync>
  </LazyDataUpdate>
  <SimpleObject>true</SimpleObject>
  <InputArguments>
    <Arg name="PATIENT_ID" id="queryCol_0" dataType="Text" index="0" />
    <Arg name="ALCOHOL_DRUG_ABUSE" id="queryCol_1" dataType="Real" index="1" />
    <Arg name="ALLERGIES" id="queryCol_2" dataType="Real" index="2" />
    <Arg name="ASTHMA" id="queryCol_3" dataType="Real" index="3" />
    <Arg name="CANCER" id="queryCol_4" dataType="Real" index="4" />
    <Arg name="DEPRESSION" id="queryCol_5" dataType="Real" index="5" />
    <Arg name="HEART_DISEASE" id="queryCol_6" dataType="Real" index="6" />
    <Arg name="HIGH_BLOOD_PRESSURE" id="queryCol_7" dataType="Real" index="7" />
    <Arg name="HIGH_CHOLESTEROL" id="queryCol_8" dataType="Real" index="8" />
    <Arg name="MENTAL_ILLNESS" id="queryCol_9" dataType="Real" index="9" />
    <Arg name="STROKE" id="queryCol_10" dataType="Real" index="10" />
    <Arg name="SMOKER" id="queryCol_11" dataType="Real" index="11" />
    <Arg name="EXERCISE_REGULARLY" id="queryCol_12" dataType="Real" index="12" />
  </InputArguments>
  <ItemsList>
    <Item xsi:type="DBQueryDataSave" id="query_query_FAMILY_HISTORY" name="query_FAMILY_HISTORY" nodeOrder="0" module="DBQuery" mapObjectModule="DBQuery" connName="HIS_DB">
      <OutputsList>
        <Output xsi:type="DBQueryDataSaveColumn" id="queryCol_0" name="PATIENT_ID" dataType="Text" index="0" />
        <Output xsi:type="DBQueryDataSaveColumn" id="queryCol_1" name="ALCOHOL_DRUG_ABUSE" dataType="Real" index="1" />
        <Output xsi:type="DBQueryDataSaveColumn" id="queryCol_2" name="ALLERGIES" dataType="Real" index="2" />
        <Output xsi:type="DBQueryDataSaveColumn" id="queryCol_3" name="ASTHMA" dataType="Real" index="3" />
        <Output xsi:type="DBQueryDataSaveColumn" id="queryCol_4" name="CANCER" dataType="Real" index="4" />
        <Output xsi:type="DBQueryDataSaveColumn" id="queryCol_5" name="DEPRESSION" dataType="Real" index="5" />
        <Output xsi:type="DBQueryDataSaveColumn" id="queryCol_6" name="HEART_DISEASE" dataType="Real" index="6" />
        <Output xsi:type="DBQueryDataSaveColumn" id="queryCol_7" name="HIGH_BLOOD_PRESSURE" dataType="Real" index="7" />
        <Output xsi:type="DBQueryDataSaveColumn" id="queryCol_8" name="HIGH_CHOLESTEROL" dataType="Real" index="8" />
        <Output xsi:type="DBQueryDataSaveColumn" id="queryCol_9" name="MENTAL_ILLNESS" dataType="Real" index="9" />
        <Output xsi:type="DBQueryDataSaveColumn" id="queryCol_10" name="STROKE" dataType="Real" index="10" />
        <Output xsi:type="DBQueryDataSaveColumn" id="queryCol_11" name="SMOKER" dataType="Real" index="11" />
        <Output xsi:type="DBQueryDataSaveColumn" id="queryCol_12" name="EXERCISE_REGULARLY" dataType="Real" index="12" />
      </OutputsList>
      <SQL><![CDATA[SELECT * FROM FAMILY_HISTORY]]></SQL>
    </Item>
  </ItemsList>
  <LinksList>
    <Link partId="30" fromNodeOrder="0" fromItemID="query_query_FAMILY_HISTORY" fromColID="queryCol_0" toItemID="tbl_FAMILY_HISTORY" toColID="tblCol_d4837991127c448baab0e7e128934766" />
    <Link partId="31" fromNodeOrder="0" fromItemID="query_query_FAMILY_HISTORY" fromColID="queryCol_1" toItemID="tbl_FAMILY_HISTORY" toColID="tblCol_0865ac1bad504207b181ec1a243ee571" />
    <Link partId="32" fromNodeOrder="0" fromItemID="query_query_FAMILY_HISTORY" fromColID="queryCol_2" toItemID="tbl_FAMILY_HISTORY" toColID="tblCol_ae346bc6f04e40578126566f45180868" />
    <Link partId="33" fromNodeOrder="0" fromItemID="query_query_FAMILY_HISTORY" fromColID="queryCol_3" toItemID="tbl_FAMILY_HISTORY" toColID="tblCol_f6a0e53b536f49069a8306b31d3b3937" />
    <Link partId="34" fromNodeOrder="0" fromItemID="query_query_FAMILY_HISTORY" fromColID="queryCol_4" toItemID="tbl_FAMILY_HISTORY" toColID="tblCol_402aea15dfc44c7888391d9bfc0bdd89" />
    <Link partId="35" fromNodeOrder="0" fromItemID="query_query_FAMILY_HISTORY" fromColID="queryCol_5" toItemID="tbl_FAMILY_HISTORY" toColID="tblCol_2aefef0ce7704635bc7a52855ae92609" />
    <Link partId="36" fromNodeOrder="0" fromItemID="query_query_FAMILY_HISTORY" fromColID="queryCol_6" toItemID="tbl_FAMILY_HISTORY" toColID="tblCol_48f0572ea6fc4682978ea6b89bdcb4ad" />
    <Link partId="37" fromNodeOrder="0" fromItemID="query_query_FAMILY_HISTORY" fromColID="queryCol_7" toItemID="tbl_FAMILY_HISTORY" toColID="tblCol_c286f88f98d34e298e5fb98822ab0db9" />
    <Link partId="38" fromNodeOrder="0" fromItemID="query_query_FAMILY_HISTORY" fromColID="queryCol_8" toItemID="tbl_FAMILY_HISTORY" toColID="tblCol_3c3401ce3f5749e0be5e9cd46bdca410" />
    <Link partId="39" fromNodeOrder="0" fromItemID="query_query_FAMILY_HISTORY" fromColID="queryCol_9" toItemID="tbl_FAMILY_HISTORY" toColID="tblCol_074aed4e94eb4a50a18cd40ebd956b91" />
    <Link partId="40" fromNodeOrder="0" fromItemID="query_query_FAMILY_HISTORY" fromColID="queryCol_10" toItemID="tbl_FAMILY_HISTORY" toColID="tblCol_3a1949d0a2b945e4944bc8b815924ebc" />
    <Link partId="41" fromNodeOrder="0" fromItemID="query_query_FAMILY_HISTORY" fromColID="queryCol_11" toItemID="tbl_FAMILY_HISTORY" toColID="tblCol_c9978f855b7c4a7b8dd2e63a0710525b" />
    <Link partId="42" fromNodeOrder="0" fromItemID="query_query_FAMILY_HISTORY" fromColID="queryCol_12" toItemID="tbl_FAMILY_HISTORY" toColID="tblCol_e72c93f8bc45456695cf6e10e86b2123" />
  </LinksList>
  <ModeKeyColumnIDs />
  <DiagramGraph>
    <Graph name="FAMILY_HISTORY.query_FAMILY_HISTORY.k2tablePop.xml" lastPartID="42">
      <TableNode partID="0" name="FAMILY_HISTORY" pos="383.000031 5.489586" width="309.324158" />
      <DBQueryNode partID="16" name="HIS_DB" pos="10 0.526046753" size="253 216.9479" isRoot="true">
        <DBQuery>{"Name":"query_FAMILY_HISTORY","ID":"query_query_FAMILY_HISTORY","ConnName":"HIS_DB","SQL":"SELECT * FROM FAMILY_HISTORY","ColumnsList":[{"ID":"queryCol_0","Name":"PATIENT_ID","DataType":"Text","Index":0,"IsInputArgument":true},{"ID":"queryCol_1","Name":"ALCOHOL_DRUG_ABUSE","DataType":"Real","Index":1,"IsInputArgument":true},{"ID":"queryCol_2","Name":"ALLERGIES","DataType":"Real","Index":2,"IsInputArgument":true},{"ID":"queryCol_3","Name":"ASTHMA","DataType":"Real","Index":3,"IsInputArgument":true},{"ID":"queryCol_4","Name":"CANCER","DataType":"Real","Index":4,"IsInputArgument":true},{"ID":"queryCol_5","Name":"DEPRESSION","DataType":"Real","Index":5,"IsInputArgument":true},{"ID":"queryCol_6","Name":"HEART_DISEASE","DataType":"Real","Index":6,"IsInputArgument":true},{"ID":"queryCol_7","Name":"HIGH_BLOOD_PRESSURE","DataType":"Real","Index":7,"IsInputArgument":true},{"ID":"queryCol_8","Name":"HIGH_CHOLESTEROL","DataType":"Real","Index":8,"IsInputArgument":true},{"ID":"queryCol_9","Name":"MENTAL_ILLNESS","DataType":"Real","Index":9,"IsInputArgument":true},{"ID":"queryCol_10","Name":"STROKE","DataType":"Real","Index":10,"IsInputArgument":true},{"ID":"queryCol_11","Name":"SMOKER","DataType":"Real","Index":11,"IsInputArgument":true},{"ID":"queryCol_12","Name":"EXERCISE_REGULARLY","DataType":"Real","Index":12,"IsInputArgument":true}]}</DBQuery>
      </DBQueryNode>
      <Link partID="30" from="0" to="1" pointsArr="263 36.5625038 273 36.5625038 313 37 333 37 373.000031 36.5260429 383.000031 36.5260429" fromNodePartID="16" fromNodeColumnName="PATIENT_ID" toNodePartID="0" toNodeColumnName="PATIENT_ID" />
      <Link partID="31" from="2" to="3" pointsArr="263 48.63542 273 48.63542 313 49 333 49 373.000031 48.59896 383.000031 48.59896" fromNodePartID="16" fromNodeColumnName="ALCOHOL_DRUG_ABUSE" toNodePartID="0" toNodeColumnName="ALCOHOL_DRUG_ABUSE" />
      <Link partID="32" from="4" to="5" pointsArr="263 60.7083359 273 60.7083359 313 61 333 61 373.000031 60.671875 383.000031 60.671875" fromNodePartID="16" fromNodeColumnName="ALLERGIES" toNodePartID="0" toNodeColumnName="ALLERGIES" />
      <Link partID="33" from="6" to="7" pointsArr="263 72.78125 273 72.78125 313 73 333 73 373.000031 72.74479 383.000031 72.74479" fromNodePartID="16" fromNodeColumnName="ASTHMA" toNodePartID="0" toNodeColumnName="ASTHMA" />
      <Link partID="34" from="8" to="9" pointsArr="263 84.8541641 273 84.8541641 313 85 333 85 373.000031 84.8177 383.000031 84.8177" fromNodePartID="16" fromNodeColumnName="CANCER" toNodePartID="0" toNodeColumnName="CANCER" />
      <Link partID="35" from="10" to="11" pointsArr="263 96.92708 273 96.92708 313 97 333 97 373.000031 96.89062 383.000031 96.89062" fromNodePartID="16" fromNodeColumnName="DEPRESSION" toNodePartID="0" toNodeColumnName="DEPRESSION" />
      <Link partID="36" from="12" to="13" pointsArr="263 109 273 109 313 109 333 109 373.000031 108.963539 383.000031 108.963539" fromNodePartID="16" fromNodeColumnName="HEART_DISEASE" toNodePartID="0" toNodeColumnName="HEART_DISEASE" />
      <Link partID="37" from="14" to="15" pointsArr="263 121.072922 273 121.072922 313 121 333 121 373.000031 121.036461 383.000031 121.036461" fromNodePartID="16" fromNodeColumnName="HIGH_BLOOD_PRESSURE" toNodePartID="0" toNodeColumnName="HIGH_BLOOD_PRESSURE" />
      <Link partID="38" from="16" to="17" pointsArr="263 133.145844 273 133.145844 313 133 333 133 373.000031 133.109375 383.000031 133.109375" fromNodePartID="16" fromNodeColumnName="HIGH_CHOLESTEROL" toNodePartID="0" toNodeColumnName="HIGH_CHOLESTEROL" />
      <Link partID="39" from="18" to="19" pointsArr="263 145.218765 273 145.218765 313 145 333 145 373.000031 145.182312 383.000031 145.182312" fromNodePartID="16" fromNodeColumnName="MENTAL_ILLNESS" toNodePartID="0" toNodeColumnName="MENTAL_ILLNESS" />
      <Link partID="40" from="20" to="21" pointsArr="263 157.291687 273 157.291687 313 157 333 157 373.000031 157.255219 383.000031 157.255219" fromNodePartID="16" fromNodeColumnName="STROKE" toNodePartID="0" toNodeColumnName="STROKE" />
      <Link partID="41" from="22" to="23" pointsArr="263 169.3646 273 169.3646 313 169 333 169 373.000031 169.328125 383.000031 169.328125" fromNodePartID="16" fromNodeColumnName="SMOKER" toNodePartID="0" toNodeColumnName="SMOKER" />
      <Link partID="42" from="24" to="25" pointsArr="263 181.4375 273 181.4375 313 181 333 181 373.000031 181.401031 383.000031 181.401031" fromNodePartID="16" fromNodeColumnName="EXERCISE_REGULARLY" toNodePartID="0" toNodeColumnName="EXERCISE_REGULARLY" />
    </Graph>
  </DiagramGraph>
</TablePopulationObject>