﻿<?xml version="1.0" encoding="utf-8"?>
<TableObject xmlns:xsi="http://www.w3.org/2001/XMLSchema-instance" xmlns:xsd="http://www.w3.org/2001/XMLSchema">
  <Name>INVOICE</Name>
  <ID>tbl_INVOICE</ID>
  <LazyDataUpdate syncMethod="Inherited" performEvery="1.00:00:00">
    <TruncateBeforeSync>true</TruncateBeforeSync>
  </LazyDataUpdate>
  <Columns>
    <Column name="PATIENT_ID" id="tblCol_d9b86c4230db48aaba2ab102f35e45b6" index="0" datatype="Text" />
    <Column name="INVOICE_ID" id="tblCol_2f67908021834b9a95ef43a20c10b7e2" index="1" datatype="Text" mandatory="true" />
    <Column name="ISSUED_DATE" id="tblCol_d143ff3063f64de196934ed2c40b9ac8" index="2" datatype="Text" />
    <Column name="DUE_DATE" id="tblCol_75970c21168947f88c8f2b497d2d7210" index="3" datatype="Text" />
    <Column name="STATUS" id="tblCol_faa3622c288b4110ac0b485899c4f9c7" index="4" datatype="Text" />
    <Column name="BALANCE" id="tblCol_98fe5e6c91964fa58c08d2977039dc63" index="5" datatype="Real" />
    <Column name="REAL_BALANCE" id="tblCol_d7b8a9e0fdd24450ad47bf5cb6127045" index="6" datatype="real" />
    <Column name="CAN_BE_DELETED" id="tblCol_31543aae17104cb8882ec2221a36fc7a" index="7" datatype="text" />
  </Columns>
  <IndexesList>
    <Index id="1" pk="true" unique="true" instanceOnly="true" columnsIdsList="tblCol_2f67908021834b9a95ef43a20c10b7e2" />
  </IndexesList>
  <EnrichmentList>
    <Enrichment>
      <Name>krish_invoices_eo</Name>
      <Type>Function</Type>
      <TableName>INVOICE</TableName>
    </Enrichment>
  </EnrichmentList>
</TableObject>