﻿<?xml version="1.0" encoding="utf-8"?>
<TablePopulationObject xmlns:xsi="http://www.w3.org/2001/XMLSchema-instance" xmlns:xsd="http://www.w3.org/2001/XMLSchema">
  <ID>query_PAYMENT</ID>
  <PopulationObjectName>query_PAYMENT</PopulationObjectName>
  <TableName>PAYMENT</TableName>
  <RootItemID>query_query_PAYMENT</RootItemID>
  <LazyDataUpdate syncMethod="Inherited" performEvery="1.00:00:00">
    <TruncateBeforeSync>false</TruncateBeforeSync>
  </LazyDataUpdate>
  <SimpleObject>true</SimpleObject>
  <InputArguments>
    <Arg name="INVOICE_ID" id="queryCol_0" dataType="Text" index="0" />
    <Arg name="PAYMENT_ID" id="queryCol_1" dataType="Text" index="1" />
    <Arg name="ISSUED_DATE" id="queryCol_2" dataType="Text" index="2" />
    <Arg name="STATUS" id="queryCol_3" dataType="Text" index="3" />
    <Arg name="AMOUNT" id="queryCol_4" dataType="Text" index="4" />
  </InputArguments>
  <ItemsList>
    <Item xsi:type="DBQueryDataSave" id="query_query_PAYMENT" name="query_PAYMENT" nodeOrder="0" module="DBQuery" mapObjectModule="DBQuery" connName="HIS_DB">
      <OutputsList>
        <Output xsi:type="DBQueryDataSaveColumn" id="queryCol_0" name="INVOICE_ID" dataType="Text" index="0" />
        <Output xsi:type="DBQueryDataSaveColumn" id="queryCol_1" name="PAYMENT_ID" dataType="Text" index="1" />
        <Output xsi:type="DBQueryDataSaveColumn" id="queryCol_2" name="ISSUED_DATE" dataType="Text" index="2" />
        <Output xsi:type="DBQueryDataSaveColumn" id="queryCol_3" name="STATUS" dataType="Text" index="3" />
        <Output xsi:type="DBQueryDataSaveColumn" id="queryCol_4" name="AMOUNT" dataType="Text" index="4" />
      </OutputsList>
      <SQL><![CDATA[SELECT * FROM PAYMENT]]></SQL>
    </Item>
  </ItemsList>
  <LinksList>
    <Link partId="14" fromNodeOrder="0" fromItemID="query_query_PAYMENT" fromColID="queryCol_0" toItemID="tbl_PAYMENT" toColID="tblCol_6ee2a0486162436a95f2a446f7b457c8" />
    <Link partId="15" fromNodeOrder="0" fromItemID="query_query_PAYMENT" fromColID="queryCol_1" toItemID="tbl_PAYMENT" toColID="tblCol_419c3e0576ef46c189d88a23359e1449" />
    <Link partId="16" fromNodeOrder="0" fromItemID="query_query_PAYMENT" fromColID="queryCol_2" toItemID="tbl_PAYMENT" toColID="tblCol_47823aa5893049458b4c4a900afc8860" />
    <Link partId="17" fromNodeOrder="0" fromItemID="query_query_PAYMENT" fromColID="queryCol_3" toItemID="tbl_PAYMENT" toColID="tblCol_e275d301eebc4c98922604e348f76b6a" />
    <Link partId="18" fromNodeOrder="0" fromItemID="query_query_PAYMENT" fromColID="queryCol_4" toItemID="tbl_PAYMENT" toColID="tblCol_be104826bac546e091544f5be5a063fd" />
  </LinksList>
  <ModeKeyColumnIDs />
  <DiagramGraph>
    <Graph name="PAYMENT.query_PAYMENT.k2tablePop.xml" lastPartID="18">
      <TableNode partID="0" name="PAYMENT" pos="383.000031 5.781254" width="309.324158" />
      <DBQueryNode partID="8" name="HIS_DB" pos="10 0.8177109" size="253 120.364578" isRoot="true">
        <DBQuery>{"Name":"query_PAYMENT","ID":"query_query_PAYMENT","ConnName":"HIS_DB","SQL":"SELECT * FROM PAYMENT","ColumnsList":[{"ID":"queryCol_0","Name":"INVOICE_ID","DataType":"Text","Index":0,"IsInputArgument":true},{"ID":"queryCol_1","Name":"PAYMENT_ID","DataType":"Text","Index":1,"IsInputArgument":true},{"ID":"queryCol_2","Name":"ISSUED_DATE","DataType":"Text","Index":2,"IsInputArgument":true},{"ID":"queryCol_3","Name":"STATUS","DataType":"Text","Index":3,"IsInputArgument":true},{"ID":"queryCol_4","Name":"AMOUNT","DataType":"Text","Index":4,"IsInputArgument":true}]}</DBQuery>
      </DBQueryNode>
      <Link partID="14" from="0" to="1" pointsArr="263 36.85417 273 36.85417 313 37 333 37 373.000031 36.81771 383.000031 36.81771" fromNodePartID="8" fromNodeColumnName="INVOICE_ID" toNodePartID="0" toNodeColumnName="INVOICE_ID" />
      <Link partID="15" from="2" to="3" pointsArr="263 48.9270859 273 48.9270859 313 49 333 49 373.000031 48.89063 383.000031 48.89063" fromNodePartID="8" fromNodeColumnName="PAYMENT_ID" toNodePartID="0" toNodeColumnName="PAYMENT_ID" />
      <Link partID="16" from="4" to="5" pointsArr="263 61 273 61 313 61 333 61 373.000031 60.9635429 383.000031 60.9635429" fromNodePartID="8" fromNodeColumnName="ISSUED_DATE" toNodePartID="0" toNodeColumnName="ISSUED_DATE" />
      <Link partID="17" from="6" to="7" pointsArr="263 73.0729141 273 73.0729141 313 73 333 73 373.000031 73.03645 383.000031 73.03645" fromNodePartID="8" fromNodeColumnName="STATUS" toNodePartID="0" toNodeColumnName="STATUS" />
      <Link partID="18" from="8" to="9" pointsArr="263 85.14583 273 85.14583 313 85 333 85 373.000031 85.109375 383.000031 85.109375" fromNodePartID="8" fromNodeColumnName="AMOUNT" toNodePartID="0" toNodeColumnName="AMOUNT" />
    </Graph>
  </DiagramGraph>
</TablePopulationObject>