﻿<?xml version="1.0" encoding="utf-8"?>
<DBConn xmlns:xsi="http://www.w3.org/2001/XMLSchema-instance" xmlns:xsd="http://www.w3.org/2001/XMLSchema" xsi:type="DBConnPostgreSQL" name="PIS_DB" type="PostgreSQL" version="4.1.0.13">
  <Active>true</Active>
  <DataSource>34.216.195.225</DataSource>
  <PortNum>5432</PortNum>
  <DataBase>PIS_DB</DataBase>
  <UserId>postgres</UserId>
  <Password>rUpKUfpnR/9j8FHA1Z/DN2u2ll9eqo+VxrFFHMZ4BFw=:MeeMWH4jRZIMC6BPEtoO3a7Wk8umEIovKJWGcJ87RJc=</Password>
  <MinConnectionsNumber>0</MinConnectionsNumber>
  <MaxConnectionsNumber>60</MaxConnectionsNumber>
  <ConnectionStringClient>Server='34.216.195.225';Port=5432;Database='PIS_DB';User Id='postgres';Password='[PASSWORD]';</ConnectionStringClient>
  <ConnectionStringServerSide>jdbc:postgresql://34.216.195.225:5432/PIS_DB?stringtype=unspecified</ConnectionStringServerSide>
  <SchemaFilter>public</SchemaFilter>
  <UseSelectAsteriskInAutoCreatedQueries>true</UseSelectAsteriskInAutoCreatedQueries>
  <CommandList />
  <DBSourceList />
  <ProviderType>Npgsql</ProviderType>
</DBConn>