﻿<?xml version="1.0" encoding="utf-8"?>
<TableObject xmlns:xsi="http://www.w3.org/2001/XMLSchema-instance" xmlns:xsd="http://www.w3.org/2001/XMLSchema">
  <Name>medication_reference</Name>
  <ID>tbl_medication_reference</ID>
  <LazyDataUpdate syncMethod="None" performEvery="1.00:00:00">
    <TruncateBeforeSync>true</TruncateBeforeSync>
  </LazyDataUpdate>
  <Columns>
    <Column name="medication_id" id="tblCol_424eafecb58d4da7abd90140b1968c16" index="0" datatype="Text" />
    <Column name="medication_name" id="tblCol_4da208db049c4c8b9ee70e1c169b8769" index="1" datatype="Text" />
  </Columns>
  <IndexesList />
  <EnrichmentList />
</TableObject>